date_jour,cp1,Dp1,HEURE_POINTE_1H,cp2,Dp2,HEURE_POINTE_2H,cp3,Dp3,HEURE_POINTE_3H,LENGTH
2023-01-01,94.04,0.06,2023-01-01 17:00:00,97.25,0.03,2023-01-01 16:45:00,98.99,0.01,2023-01-01 17:00:00,91
2023-01-02,99.54,0.0,2023-01-02 07:15:00,99.81,0.0,2023-01-02 06:45:00,101.59,-0.02,2023-01-02 06:30:00,91
2023-01-03,97.44,0.03,2023-01-03 19:00:00,101.11,-0.01,2023-01-03 17:45:00,101.8,-0.02,2023-01-03 17:30:00,91
2023-01-04,96.56,0.04,2023-01-04 07:30:00,97.57,0.03,2023-01-04 07:30:00,98.69,0.01,2023-01-04 06:45:00,91
2023-01-05,98.78,0.01,2023-01-05 17:00:00,100.06,-0.0,2023-01-05 07:30:00,100.42,-0.0,2023-01-05 16:45:00,91
2023-01-06,98.62,0.01,2023-01-06 08:00:00,99.98,0.0,2023-01-06 07:00:00,101.61,-0.02,2023-01-06 17:15:00,91
2023-01-07,95.3,0.05,2023-01-07 18:00:00,96.14,0.04,2023-01-07 16:45:00,96.35,0.04,2023-01-07 16:15:00,91
2023-01-08,97.15,0.03,2023-01-08 16:45:00,100.31,-0.0,2023-01-08 18:30:00,100.66,-0.01,2023-01-08 16:30:00,91
2023-01-09,54.15,0.85,2023-01-09 08:15:00,74.37,0.35,2023-01-09 07:15:00,84.03,0.19,2023-01-09 07:15:00,91
2023-01-10,95.47,0.05,2023-01-10 17:15:00,97.53,0.03,2023-01-10 16:30:00,98.6,0.01,2023-01-10 16:00:00,91
2023-01-11,91.82,0.09,2023-01-11 08:00:00,93.46,0.07,2023-01-11 07:15:00,94.81,0.06,2023-01-11 06:45:00,91
2023-01-12,95.01,0.05,2023-01-12 18:15:00,97.57,0.03,2023-01-12 18:15:00,99.83,0.0,2023-01-12 06:15:00,91
2023-01-13,98.41,0.02,2023-01-13 18:15:00,100.29,-0.0,2023-01-13 18:00:00,100.92,-0.01,2023-01-13 17:00:00,91
2023-01-14,93.41,0.07,2023-01-14 19:30:00,96.87,0.03,2023-01-14 19:30:00,97.25,0.03,2023-01-14 17:15:00,91
2023-01-15,97.19,0.03,2023-01-15 18:15:00,99.04,0.01,2023-01-15 18:00:00,99.97,0.0,2023-01-15 17:30:00,91
2023-01-16,92.41,0.08,2023-01-16 08:15:00,94.51,0.06,2023-01-16 07:45:00,96.43,0.04,2023-01-16 07:00:00,91
2023-01-17,71.18,0.41,2023-01-17 08:00:00,83.05,0.21,2023-01-17 07:15:00,89.39,0.12,2023-01-17 06:30:00,91
2023-01-18,92.7,0.08,2023-01-18 07:30:00,96.9,0.03,2023-01-18 06:45:00,100.04,-0.0,2023-01-18 06:30:00,91
2023-01-19,97.32,0.03,2023-01-19 07:15:00,98.51,0.02,2023-01-19 07:15:00,100.71,-0.01,2023-01-19 06:15:00,91
2023-01-20,96.39,0.04,2023-01-20 07:30:00,98.57,0.01,2023-01-20 07:00:00,100.1,-0.0,2023-01-20 06:45:00,91
2023-01-21,99.87,0.0,2023-01-21 18:00:00,100.48,-0.0,2023-01-21 18:00:00,101.73,-0.02,2023-01-21 17:30:00,91
2023-01-22,101.47,-0.01,2023-01-22 18:15:00,102.08,-0.02,2023-01-22 18:15:00,102.32,-0.02,2023-01-22 17:45:00,91
2023-01-23,99.33,0.01,2023-01-23 18:30:00,101.82,-0.02,2023-01-23 17:30:00,102.61,-0.03,2023-01-23 16:45:00,91
2023-01-24,99.83,0.0,2023-01-24 16:15:00,100.71,-0.01,2023-01-24 16:00:00,101.68,-0.02,2023-01-24 16:15:00,91
2023-01-25,96.22,0.04,2023-01-25 07:30:00,97.08,0.03,2023-01-25 07:15:00,98.76,0.01,2023-01-25 07:00:00,91
2023-01-26,96.73,0.03,2023-01-26 07:15:00,97.42,0.03,2023-01-26 07:15:00,99.47,0.01,2023-01-26 06:15:00,91
2023-01-27,98.83,0.01,2023-01-27 07:30:00,99.96,0.0,2023-01-27 07:15:00,101.15,-0.01,2023-01-27 06:30:00,91
2023-01-28,97.69,0.02,2023-01-28 19:15:00,99.71,0.0,2023-01-28 18:15:00,100.41,-0.0,2023-01-28 18:00:00,91
2023-01-29,67.58,0.48,2023-01-29 19:30:00,79.07,0.27,2023-01-29 18:30:00,82.98,0.21,2023-01-29 17:30:00,91
2023-01-30,98.45,0.02,2023-01-30 07:30:00,99.9,0.0,2023-01-30 06:30:00,101.59,-0.02,2023-01-30 06:30:00,91
2023-01-31,87.88,0.14,2023-01-31 21:45:00,97.8,0.02,2023-01-31 20:45:00,99.72,0.0,2023-01-31 19:30:00,91
2023-02-01,97.69,0.02,2023-02-01 07:30:00,101.13,-0.01,2023-02-01 06:30:00,103.16,-0.03,2023-02-01 16:45:00,91
2023-02-02,100.46,-0.0,2023-02-02 18:00:00,101.76,-0.02,2023-02-02 18:00:00,102.2,-0.02,2023-02-02 18:00:00,91
2023-02-03,97.27,0.03,2023-02-03 03:15:00,101.38,-0.01,2023-02-03 06:30:00,103.1,-0.03,2023-02-03 06:15:00,91
2023-02-04,95.05,0.05,2023-02-04 17:00:00,96.27,0.04,2023-02-04 15:30:00,97.44,0.03,2023-02-04 15:00:00,91
2023-02-05,94.92,0.05,2023-02-05 18:15:00,97.23,0.03,2023-02-05 17:45:00,98.74,0.01,2023-02-05 17:45:00,91
2023-02-06,97.9,0.02,2023-02-06 07:45:00,99.87,0.0,2023-02-06 07:45:00,100.07,-0.0,2023-02-06 06:15:00,91
2023-02-07,97.36,0.03,2023-02-07 06:45:00,101.78,-0.02,2023-02-07 06:30:00,102.43,-0.02,2023-02-07 06:45:00,91
2023-02-08,25.84,2.89,2023-02-08 15:45:00,32.4,2.1,2023-02-08 15:00:00,55.75,0.8,2023-02-08 14:15:00,91
2023-02-09,95.34,0.05,2023-02-09 07:15:00,98.36,0.02,2023-02-09 07:00:00,98.83,0.01,2023-02-09 07:00:00,91
2023-02-10,93.54,0.07,2023-02-10 19:00:00,95.55,0.05,2023-02-10 18:00:00,97.04,0.03,2023-02-10 17:00:00,91
2023-02-11,95.76,0.04,2023-02-11 18:30:00,96.96,0.03,2023-02-11 18:30:00,99.22,0.01,2023-02-11 17:30:00,91
2023-02-12,48.91,1.05,2023-02-12 18:15:00,74.06,0.35,2023-02-12 17:15:00,83.91,0.19,2023-02-12 17:15:00,91
2023-02-13,99.62,0.0,2023-02-13 07:00:00,100.0,-0.0,2023-02-13 22:00:00,102.71,-0.03,2023-02-13 18:00:00,91
2023-02-14,92.24,0.08,2023-02-14 19:00:00,96.33,0.04,2023-02-14 18:30:00,100.0,-0.0,2023-02-14 00:45:00,91
2023-02-15,97.48,0.03,2023-02-15 07:15:00,100.08,-0.0,2023-02-15 06:45:00,101.13,-0.01,2023-02-15 06:45:00,91
2023-02-16,96.9,0.03,2023-02-16 07:15:00,100.59,-0.01,2023-02-16 07:00:00,102.61,-0.03,2023-02-16 06:45:00,91
2023-02-17,96.27,0.04,2023-02-17 07:00:00,100.02,-0.0,2023-02-17 06:30:00,101.17,-0.01,2023-02-17 06:30:00,91
2023-02-18,98.11,0.02,2023-02-18 19:15:00,99.69,0.0,2023-02-18 18:45:00,101.19,-0.01,2023-02-18 18:45:00,91
2023-02-19,99.92,0.0,2023-02-19 18:45:00,100.94,-0.01,2023-02-19 18:15:00,102.6,-0.03,2023-02-19 18:15:00,91
2023-02-20,100.5,-0.01,2023-02-20 18:15:00,101.36,-0.01,2023-02-20 18:15:00,102.92,-0.03,2023-02-20 17:30:00,91
2023-02-21,101.85,-0.02,2023-02-21 08:00:00,103.02,-0.03,2023-02-21 07:15:00,103.71,-0.04,2023-02-21 06:30:00,91
2023-02-22,98.78,0.01,2023-02-22 15:15:00,101.95,-0.02,2023-02-22 14:30:00,103.38,-0.03,2023-02-22 14:15:00,91
2023-02-23,100.21,-0.0,2023-02-23 16:15:00,101.64,-0.02,2023-02-23 06:45:00,102.36,-0.02,2023-02-23 07:00:00,91
2023-02-24,101.13,-0.01,2023-02-24 18:30:00,101.89,-0.02,2023-02-24 18:30:00,103.65,-0.04,2023-02-24 18:30:00,91
2023-02-25,98.45,0.02,2023-02-25 16:00:00,99.56,0.0,2023-02-25 18:00:00,101.09,-0.01,2023-02-25 17:30:00,91
2023-02-26,93.62,0.07,2023-02-26 18:45:00,95.68,0.05,2023-02-26 18:00:00,98.57,0.01,2023-02-26 17:30:00,91
2023-02-27,82.59,0.21,2023-02-27 21:15:00,94.71,0.06,2023-02-27 21:15:00,99.61,0.0,2023-02-27 20:15:00,91
2023-02-28,103.9,-0.04,2023-02-28 01:15:00,107.09,-0.07,2023-02-28 01:15:00,108.35,-0.08,2023-02-28 01:15:00,91
2023-03-01,98.87,0.01,2023-03-01 22:15:00,106.46,-0.06,2023-03-01 20:45:00,107.86,-0.07,2023-03-01 19:45:00,91
2023-03-02,107.21,-0.07,2023-03-02 01:00:00,107.97,-0.07,2023-03-02 18:30:00,109.07,-0.08,2023-03-02 18:00:00,91
2023-03-03,93.67,0.07,2023-03-03 19:00:00,101.11,-0.01,2023-03-03 19:00:00,103.71,-0.04,2023-03-03 19:00:00,91
2023-03-04,103.61,-0.04,2023-03-04 22:30:00,106.0,-0.06,2023-03-04 20:15:00,105.61,-0.05,2023-03-04 20:15:00,91
2023-03-05,105.83,-0.06,2023-03-05 18:45:00,105.94,-0.06,2023-03-05 18:30:00,107.33,-0.07,2023-03-05 18:00:00,91
2023-03-06,105.16,-0.05,2023-03-06 06:30:00,106.92,-0.07,2023-03-06 06:15:00,108.11,-0.08,2023-03-06 06:00:00,91
2023-03-07,106.08,-0.06,2023-03-07 07:15:00,106.46,-0.06,2023-03-07 06:15:00,107.52,-0.07,2023-03-07 06:15:00,91
2023-03-08,102.39,-0.02,2023-03-08 17:15:00,104.43,-0.04,2023-03-08 17:15:00,105.19,-0.05,2023-03-08 15:30:00,91
2023-03-09,104.36,-0.04,2023-03-09 06:15:00,106.52,-0.06,2023-03-09 19:45:00,106.75,-0.06,2023-03-09 18:30:00,91
2023-03-10,104.19,-0.04,2023-03-10 06:30:00,105.39,-0.05,2023-03-10 06:30:00,106.46,-0.06,2023-03-10 06:15:00,91
2023-03-11,105.54,-0.05,2023-03-11 20:15:00,106.63,-0.06,2023-03-11 19:15:00,107.59,-0.07,2023-03-11 18:30:00,91
2023-03-12,105.66,-0.05,2023-03-12 19:00:00,108.07,-0.08,2023-03-12 19:00:00,108.5,-0.08,2023-03-12 18:45:00,91
2023-03-13,100.0,0.0,2023-03-13 23:00:00,100.0,-0.0,2023-03-13 22:00:00,104.29,-0.04,2023-03-13 21:00:00,91
2023-03-14,100.0,0.0,2023-03-14 23:00:00,100.0,-0.0,2023-03-14 22:00:00,100.0,-0.0,2023-03-14 00:30:00,91
2023-03-15,100.0,0.0,2023-03-15 00:15:00,100.0,-0.0,2023-03-15 00:15:00,100.0,-0.0,2023-03-15 00:15:00,91
2023-03-16,105.75,-0.05,2023-03-16 16:30:00,107.7,-0.07,2023-03-16 15:30:00,108.26,-0.08,2023-03-16 14:30:00,91
2023-03-17,101.3,-0.01,2023-03-17 20:30:00,101.97,-0.02,2023-03-17 19:45:00,103.13,-0.03,2023-03-17 18:30:00,91
2023-03-18,98.32,0.02,2023-03-18 18:15:00,99.92,0.0,2023-03-18 16:45:00,100.11,-0.0,2023-03-18 16:45:00,91
2023-03-19,99.29,0.01,2023-03-19 19:00:00,101.97,-0.02,2023-03-19 18:00:00,103.83,-0.04,2023-03-19 17:00:00,91
2023-03-20,102.39,-0.02,2023-03-20 07:30:00,104.22,-0.04,2023-03-20 18:30:00,105.16,-0.05,2023-03-20 07:00:00,91
2023-03-21,76.59,0.31,2023-03-21 08:15:00,91.25,0.1,2023-03-21 07:15:00,95.08,0.05,2023-03-21 08:15:00,91
2023-03-22,99.71,0.0,2023-03-22 18:45:00,100.99,-0.01,2023-03-22 18:00:00,101.79,-0.02,2023-03-22 17:45:00,91
2023-03-23,102.18,-0.02,2023-03-23 06:45:00,103.57,-0.03,2023-03-23 06:45:00,104.87,-0.05,2023-03-23 06:45:00,91
2023-03-24,100.67,-0.01,2023-03-24 11:30:00,102.5,-0.02,2023-03-24 10:30:00,103.61,-0.04,2023-03-24 10:30:00,91
2023-03-25,105.58,-0.05,2023-03-25 17:45:00,106.31,-0.06,2023-03-25 18:00:00,106.92,-0.07,2023-03-25 17:45:00,91
2023-03-26,100.0,0.0,2023-03-26 02:00:00,102.87,-0.03,2023-03-26 18:00:00,103.36,-0.03,2023-03-26 17:45:00,91
2023-03-27,96.64,0.03,2023-03-27 06:45:00,101.38,-0.01,2023-03-27 06:15:00,103.52,-0.03,2023-03-27 06:00:00,91
2023-03-28,101.43,-0.01,2023-03-28 07:00:00,103.8,-0.04,2023-03-28 07:00:00,104.5,-0.04,2023-03-28 07:15:00,91
2023-03-29,101.01,-0.01,2023-03-29 15:45:00,103.48,-0.03,2023-03-29 15:30:00,104.82,-0.05,2023-03-29 14:30:00,91
2023-03-30,96.6,0.04,2023-03-30 11:15:00,100.9,-0.01,2023-03-30 11:15:00,102.36,-0.02,2023-03-30 11:15:00,91
2023-03-31,103.1,-0.03,2023-03-31 15:15:00,103.61,-0.04,2023-03-31 15:30:00,104.64,-0.04,2023-03-31 15:00:00,91
2023-04-01,101.59,-0.02,2023-04-01 17:30:00,102.58,-0.03,2023-04-01 17:00:00,102.94,-0.03,2023-04-01 17:15:00,91
2023-04-02,34.02,1.95,2023-04-02 15:15:00,35.51,1.83,2023-04-02 14:15:00,37.44,1.68,2023-04-02 12:45:00,91
2023-04-03,99.62,0.0,2023-04-03 06:00:00,101.43,-0.01,2023-04-03 06:00:00,101.87,-0.02,2023-04-03 06:00:00,91
2023-04-04,94.71,0.06,2023-04-04 16:00:00,102.37,-0.02,2023-04-04 16:00:00,103.16,-0.03,2023-04-04 07:00:00,91
2023-04-05,88.76,0.13,2023-04-05 13:00:00,95.78,0.04,2023-04-05 12:45:00,99.22,0.01,2023-04-05 12:45:00,91
2023-04-06,100.8,-0.01,2023-04-06 07:15:00,101.53,-0.02,2023-04-06 07:00:00,102.14,-0.02,2023-04-06 06:30:00,91
2023-04-07,101.43,-0.01,2023-04-07 07:30:00,101.97,-0.02,2023-04-07 07:30:00,103.24,-0.03,2023-04-07 07:15:00,91
2023-04-08,104.03,-0.04,2023-04-08 14:30:00,105.49,-0.05,2023-04-08 13:45:00,106.03,-0.06,2023-04-08 13:45:00,91
2023-04-09,102.73,-0.03,2023-04-09 11:15:00,104.09,-0.04,2023-04-09 11:15:00,106.01,-0.06,2023-04-09 11:00:00,91
2023-04-10,103.94,-0.04,2023-04-10 19:00:00,104.87,-0.05,2023-04-10 18:15:00,105.79,-0.06,2023-04-10 18:15:00,91
2023-04-11,98.99,0.01,2023-04-11 08:45:00,102.22,-0.02,2023-04-11 07:45:00,103.09,-0.03,2023-04-11 06:45:00,91
2023-04-12,95.68,0.05,2023-04-12 07:30:00,97.65,0.02,2023-04-12 07:00:00,98.94,0.01,2023-04-12 07:00:00,91
2023-04-13,101.97,-0.02,2023-04-13 13:00:00,103.06,-0.03,2023-04-13 06:45:00,103.62,-0.04,2023-04-13 11:45:00,91
2023-04-14,100.55,-0.01,2023-04-14 13:15:00,101.55,-0.02,2023-04-14 13:30:00,101.8,-0.02,2023-04-14 12:45:00,91
2023-04-15,100.42,-0.0,2023-04-15 11:45:00,102.47,-0.02,2023-04-15 18:00:00,103.3,-0.03,2023-04-15 17:00:00,91
2023-04-16,104.03,-0.04,2023-04-16 18:00:00,105.24,-0.05,2023-04-16 18:00:00,105.8,-0.06,2023-04-16 18:15:00,91
2023-04-17,102.52,-0.02,2023-04-17 08:15:00,103.08,-0.03,2023-04-17 07:00:00,103.58,-0.03,2023-04-17 07:00:00,91
2023-04-18,70.09,0.43,2023-04-18 19:15:00,89.64,0.12,2023-04-18 18:30:00,95.02,0.05,2023-04-18 17:30:00,91
2023-04-19,89.68,0.12,2023-04-19 00:00:00,94.84,0.05,2023-04-19 00:00:00,95.85,0.04,2023-04-19 00:00:00,91
2023-04-20,89.64,0.12,2023-04-20 10:30:00,93.27,0.07,2023-04-20 09:30:00,96.15,0.04,2023-04-20 08:30:00,91
2023-04-21,101.34,-0.01,2023-04-21 12:00:00,104.07,-0.04,2023-04-21 11:30:00,104.96,-0.05,2023-04-21 10:30:00,91
2023-04-22,95.47,0.05,2023-04-22 11:45:00,99.77,0.0,2023-04-22 12:00:00,101.43,-0.01,2023-04-22 10:15:00,91
2023-04-23,100.25,-0.0,2023-04-23 20:15:00,101.66,-0.02,2023-04-23 19:45:00,103.12,-0.03,2023-04-23 14:00:00,91
2023-04-24,82.21,0.22,2023-04-24 08:15:00,92.79,0.08,2023-04-24 07:15:00,97.25,0.03,2023-04-24 06:15:00,91
2023-04-25,59.69,0.68,2023-04-25 11:45:00,80.83,0.24,2023-04-25 11:00:00,89.0,0.12,2023-04-25 10:00:00,91
2023-04-26,103.48,-0.03,2023-04-26 07:30:00,104.64,-0.04,2023-04-26 13:15:00,105.03,-0.05,2023-04-26 12:15:00,91
2023-04-27,101.17,-0.01,2023-04-27 14:45:00,103.46,-0.03,2023-04-27 14:15:00,105.27,-0.05,2023-04-27 13:00:00,91
2023-04-28,101.43,-0.01,2023-04-28 07:00:00,103.75,-0.04,2023-04-28 06:30:00,104.43,-0.04,2023-04-28 06:15:00,91
2023-04-29,72.78,0.38,2023-04-29 19:00:00,88.44,0.13,2023-04-29 18:00:00,94.13,0.06,2023-04-29 17:00:00,91
2023-04-30,43.54,1.31,2023-04-30 21:15:00,70.43,0.42,2023-04-30 21:00:00,83.47,0.2,2023-04-30 20:45:00,91
2023-05-01,104.95,-0.05,2023-05-01 14:00:00,107.8,-0.07,2023-05-01 13:30:00,109.02,-0.08,2023-05-01 13:30:00,91
2023-05-02,104.7,-0.05,2023-05-02 07:45:00,105.98,-0.06,2023-05-02 07:00:00,107.06,-0.07,2023-05-02 07:00:00,91
2023-05-03,102.52,-0.02,2023-05-03 22:30:00,105.12,-0.05,2023-05-03 21:45:00,106.35,-0.06,2023-05-03 10:30:00,91
2023-05-04,102.01,-0.02,2023-05-04 16:00:00,103.69,-0.04,2023-05-04 15:00:00,104.11,-0.04,2023-05-04 14:00:00,91
2023-05-05,102.18,-0.02,2023-05-05 06:45:00,103.38,-0.03,2023-05-05 06:15:00,104.45,-0.04,2023-05-05 06:15:00,91
2023-05-06,105.49,-0.05,2023-05-06 20:45:00,106.67,-0.06,2023-05-06 20:15:00,106.61,-0.06,2023-05-06 20:45:00,91
2023-05-07,97.19,0.03,2023-05-07 19:15:00,100.48,-0.0,2023-05-07 18:15:00,101.03,-0.01,2023-05-07 17:00:00,91
2023-05-08,105.87,-0.06,2023-05-08 16:45:00,106.82,-0.06,2023-05-08 15:30:00,107.13,-0.07,2023-05-08 15:00:00,91
2023-05-09,99.24,0.01,2023-05-09 08:15:00,99.48,0.01,2023-05-09 07:15:00,100.07,-0.0,2023-05-09 07:00:00,91
2023-05-10,92.95,0.08,2023-05-10 07:30:00,94.95,0.05,2023-05-10 07:30:00,95.95,0.04,2023-05-10 07:30:00,91
2023-05-11,96.43,0.04,2023-05-11 08:30:00,99.85,0.0,2023-05-11 08:00:00,101.4,-0.01,2023-05-11 07:00:00,91
2023-05-12,102.39,-0.02,2023-05-12 16:00:00,102.64,-0.03,2023-05-12 10:30:00,103.22,-0.03,2023-05-12 10:00:00,91
2023-05-13,101.38,-0.01,2023-05-13 19:00:00,102.62,-0.03,2023-05-13 19:15:00,103.08,-0.03,2023-05-13 18:15:00,91
2023-05-14,103.27,-0.03,2023-05-14 17:15:00,105.94,-0.06,2023-05-14 19:45:00,106.29,-0.06,2023-05-14 17:15:00,91
2023-05-15,98.28,0.02,2023-05-15 16:45:00,99.29,0.01,2023-05-15 16:45:00,100.34,-0.0,2023-05-15 16:00:00,91
2023-05-16,98.74,0.01,2023-05-16 08:00:00,102.03,-0.02,2023-05-16 07:00:00,103.98,-0.04,2023-05-16 06:45:00,91
2023-05-17,102.01,-0.02,2023-05-17 12:30:00,103.04,-0.03,2023-05-17 11:15:00,103.23,-0.03,2023-05-17 10:00:00,91
2023-05-18,104.78,-0.05,2023-05-18 11:00:00,105.54,-0.05,2023-05-18 11:00:00,106.18,-0.06,2023-05-18 11:00:00,91
2023-05-19,104.99,-0.05,2023-05-19 10:00:00,106.8,-0.06,2023-05-19 10:15:00,106.82,-0.06,2023-05-19 10:30:00,91
2023-05-20,42.79,1.35,2023-05-20 11:15:00,74.01,0.35,2023-05-20 10:15:00,84.59,0.18,2023-05-20 11:00:00,91
2023-05-21,105.29,-0.05,2023-05-21 11:45:00,106.33,-0.06,2023-05-21 19:15:00,106.74,-0.06,2023-05-21 18:15:00,91
2023-05-22,80.62,0.24,2023-05-22 21:15:00,93.98,0.06,2023-05-22 21:15:00,98.91,0.01,2023-05-22 21:00:00,91
2023-05-23,98.62,0.01,2023-05-23 07:30:00,100.0,-0.0,2023-05-23 22:00:00,101.34,-0.01,2023-05-23 07:30:00,91
2023-05-24,92.62,0.08,2023-05-24 01:00:00,96.31,0.04,2023-05-24 01:00:00,97.54,0.03,2023-05-24 01:00:00,91
2023-05-25,84.9,0.18,2023-05-25 10:15:00,94.34,0.06,2023-05-25 09:15:00,96.81,0.03,2023-05-25 08:30:00,91
2023-05-26,82.51,0.21,2023-05-26 09:45:00,93.33,0.07,2023-05-26 08:45:00,97.11,0.03,2023-05-26 08:45:00,91
2023-05-27,81.63,0.23,2023-05-27 20:45:00,93.69,0.07,2023-05-27 20:00:00,97.85,0.02,2023-05-27 19:00:00,91
2023-05-28,102.43,-0.02,2023-05-28 22:00:00,103.38,-0.03,2023-05-28 10:00:00,104.04,-0.04,2023-05-28 20:00:00,91
2023-05-29,104.19,-0.04,2023-05-29 14:15:00,105.79,-0.06,2023-05-29 13:45:00,106.43,-0.06,2023-05-29 12:00:00,91
2023-05-30,71.27,0.41,2023-05-30 11:15:00,87.92,0.14,2023-05-30 11:00:00,93.43,0.07,2023-05-30 09:15:00,91
2023-05-31,98.03,0.02,2023-05-31 22:45:00,99.43,0.01,2023-05-31 22:00:00,102.25,-0.02,2023-05-31 21:00:00,91
2023-06-01,87.33,0.15,2023-06-01 08:45:00,96.2,0.04,2023-06-01 07:45:00,98.76,0.01,2023-06-01 07:00:00,91
2023-06-02,100.8,-0.01,2023-06-02 07:30:00,101.41,-0.01,2023-06-02 07:15:00,101.79,-0.02,2023-06-02 07:15:00,91
2023-06-03,99.08,0.01,2023-06-03 18:45:00,100.5,-0.01,2023-06-03 18:15:00,101.89,-0.02,2023-06-03 17:30:00,91
2023-06-04,70.3,0.43,2023-06-04 17:30:00,87.4,0.15,2023-06-04 17:30:00,93.04,0.08,2023-06-04 17:30:00,91
2023-06-05,79.24,0.26,2023-06-05 08:00:00,89.3,0.12,2023-06-05 07:00:00,95.74,0.04,2023-06-05 06:15:00,91
2023-06-06,47.19,1.13,2023-06-06 08:45:00,70.95,0.41,2023-06-06 08:15:00,80.98,0.24,2023-06-06 07:15:00,91
2023-06-07,100.38,-0.0,2023-06-07 08:15:00,102.24,-0.02,2023-06-07 07:15:00,103.98,-0.04,2023-06-07 08:00:00,91
2023-06-08,81.42,0.23,2023-06-08 08:45:00,92.41,0.08,2023-06-08 08:15:00,96.59,0.04,2023-06-08 08:00:00,91
2023-06-09,100.76,-0.01,2023-06-09 07:00:00,103.9,-0.04,2023-06-09 07:00:00,105.52,-0.05,2023-06-09 21:00:00,91
2023-06-10,99.71,0.0,2023-06-10 11:45:00,101.87,-0.02,2023-06-10 10:30:00,102.92,-0.03,2023-06-10 09:45:00,91
2023-06-11,85.36,0.17,2023-06-11 20:45:00,94.25,0.06,2023-06-11 20:30:00,98.98,0.01,2023-06-11 19:45:00,91
2023-06-12,99.16,0.01,2023-06-12 07:00:00,101.28,-0.01,2023-06-12 07:00:00,101.01,-0.01,2023-06-12 07:00:00,91
2023-06-13,97.57,0.03,2023-06-13 07:15:00,100.63,-0.01,2023-06-13 07:00:00,103.61,-0.04,2023-06-13 06:30:00,91
2023-06-14,59.73,0.68,2023-06-14 18:30:00,83.26,0.2,2023-06-14 17:30:00,91.29,0.1,2023-06-14 18:30:00,91
2023-06-15,27.73,2.62,2023-06-15 18:30:00,56.69,0.77,2023-06-15 17:45:00,72.62,0.38,2023-06-15 16:45:00,91
2023-06-16,77.73,0.29,2023-06-16 07:45:00,88.72,0.13,2023-06-16 07:00:00,94.53,0.06,2023-06-16 07:00:00,91
2023-06-17,96.73,0.03,2023-06-17 14:00:00,102.31,-0.02,2023-06-17 13:00:00,102.99,-0.03,2023-06-17 14:00:00,91
2023-06-18,82.59,0.21,2023-06-18 18:15:00,91.57,0.09,2023-06-18 17:45:00,95.67,0.05,2023-06-18 17:00:00,91
2023-06-19,98.83,0.01,2023-06-19 10:15:00,101.34,-0.01,2023-06-19 22:00:00,104.11,-0.04,2023-06-19 08:15:00,91
2023-06-20,100.0,0.0,2023-06-20 23:00:00,100.0,-0.0,2023-06-20 00:15:00,100.0,-0.0,2023-06-20 00:30:00,91
2023-06-21,100.0,0.0,2023-06-21 00:00:00,100.0,-0.0,2023-06-21 00:00:00,100.0,-0.0,2023-06-21 00:15:00,91
2023-06-22,90.27,0.11,2023-06-22 08:15:00,91.86,0.09,2023-06-22 07:45:00,92.58,0.08,2023-06-22 07:15:00,91
2023-06-23,80.16,0.25,2023-06-23 10:45:00,90.29,0.11,2023-06-23 10:45:00,95.48,0.05,2023-06-23 10:30:00,91
2023-06-24,100.63,-0.01,2023-06-24 20:45:00,103.04,-0.03,2023-06-24 20:00:00,103.9,-0.04,2023-06-24 21:00:00,91
2023-06-25,47.02,1.13,2023-06-25 18:45:00,72.27,0.39,2023-06-25 18:30:00,83.86,0.19,2023-06-25 17:45:00,91
2023-06-26,102.6,-0.03,2023-06-26 08:45:00,104.15,-0.04,2023-06-26 11:45:00,104.31,-0.04,2023-06-26 12:00:00,91
2023-06-27,98.24,0.02,2023-06-27 11:45:00,102.56,-0.03,2023-06-27 10:45:00,102.85,-0.03,2023-06-27 09:45:00,91
2023-06-28,101.05,-0.01,2023-06-28 08:30:00,102.68,-0.03,2023-06-28 07:45:00,103.38,-0.03,2023-06-28 08:15:00,91
2023-06-29,99.92,0.0,2023-06-29 07:00:00,100.84,-0.01,2023-06-29 07:15:00,101.72,-0.02,2023-06-29 07:30:00,91
2023-06-30,104.11,-0.04,2023-06-30 10:30:00,104.91,-0.05,2023-06-30 08:00:00,104.95,-0.05,2023-06-30 08:15:00,91
2023-07-01,92.7,0.08,2023-07-01 10:00:00,93.98,0.06,2023-07-01 09:45:00,97.47,0.03,2023-07-01 09:45:00,91
2023-07-02,105.45,-0.05,2023-07-02 21:15:00,106.17,-0.06,2023-07-02 21:15:00,106.59,-0.06,2023-07-02 19:45:00,91
2023-07-03,103.1,-0.03,2023-07-03 10:15:00,103.23,-0.03,2023-07-03 10:15:00,103.76,-0.04,2023-07-03 09:30:00,91
2023-07-04,96.31,0.04,2023-07-04 21:30:00,100.44,-0.0,2023-07-04 21:00:00,102.03,-0.02,2023-07-04 20:45:00,91
2023-07-05,99.87,0.0,2023-07-05 22:45:00,102.41,-0.02,2023-07-05 21:15:00,102.71,-0.03,2023-07-05 21:00:00,91
2023-07-06,96.6,0.04,2023-07-06 09:45:00,100.86,-0.01,2023-07-06 10:00:00,101.26,-0.01,2023-07-06 10:00:00,91
2023-07-07,101.76,-0.02,2023-07-07 10:15:00,102.68,-0.03,2023-07-07 08:45:00,102.87,-0.03,2023-07-07 08:15:00,91
2023-07-08,100.55,-0.01,2023-07-08 23:00:00,103.63,-0.04,2023-07-08 11:00:00,104.68,-0.05,2023-07-08 10:15:00,91
2023-07-09,101.97,-0.02,2023-07-09 19:00:00,103.36,-0.03,2023-07-09 18:15:00,104.7,-0.05,2023-07-09 17:00:00,91
2023-07-10,102.35,-0.02,2023-07-10 07:00:00,104.19,-0.04,2023-07-10 12:30:00,104.28,-0.04,2023-07-10 07:15:00,91
2023-07-11,103.06,-0.03,2023-07-11 11:15:00,104.28,-0.04,2023-07-11 10:15:00,104.54,-0.04,2023-07-11 09:15:00,91
2023-07-12,95.81,0.04,2023-07-12 22:45:00,98.45,0.02,2023-07-12 22:00:00,101.36,-0.01,2023-07-12 21:00:00,91
2023-07-13,102.18,-0.02,2023-07-13 15:30:00,102.5,-0.02,2023-07-13 14:15:00,103.54,-0.03,2023-07-13 14:15:00,91
2023-07-14,104.57,-0.04,2023-07-14 22:15:00,107.21,-0.07,2023-07-14 21:00:00,107.1,-0.07,2023-07-14 20:30:00,91
2023-07-15,104.74,-0.05,2023-07-15 22:30:00,105.24,-0.05,2023-07-15 20:15:00,105.23,-0.05,2023-07-15 20:15:00,91
2023-07-16,105.37,-0.05,2023-07-16 18:30:00,106.08,-0.06,2023-07-16 21:45:00,106.57,-0.06,2023-07-16 20:45:00,91
2023-07-17,100.0,0.0,2023-07-17 22:45:00,102.77,-0.03,2023-07-17 08:45:00,104.15,-0.04,2023-07-17 08:15:00,91
2023-07-18,100.0,0.0,2023-07-18 23:00:00,100.0,-0.0,2023-07-18 00:30:00,100.0,-0.0,2023-07-18 00:30:00,91
2023-07-19,49.87,1.01,2023-07-19 12:15:00,74.96,0.34,2023-07-19 12:15:00,85.63,0.17,2023-07-19 12:15:00,91
2023-07-20,100.34,-0.0,2023-07-20 09:45:00,101.43,-0.01,2023-07-20 09:45:00,102.29,-0.02,2023-07-20 08:45:00,91
2023-07-21,104.07,-0.04,2023-07-21 07:15:00,105.47,-0.05,2023-07-21 10:15:00,105.97,-0.06,2023-07-21 09:45:00,91
2023-07-22,101.68,-0.02,2023-07-22 20:15:00,102.85,-0.03,2023-07-22 19:15:00,103.76,-0.04,2023-07-22 18:15:00,91
2023-07-23,47.4,1.12,2023-07-23 17:00:00,51.09,0.96,2023-07-23 17:00:00,57.33,0.75,2023-07-23 16:15:00,91
2023-07-24,91.32,0.1,2023-07-24 13:15:00,97.94,0.02,2023-07-24 11:45:00,100.59,-0.01,2023-07-24 11:30:00,91
2023-07-25,93.2,0.07,2023-07-25 09:15:00,96.62,0.04,2023-07-25 08:15:00,97.33,0.03,2023-07-25 07:15:00,91
2023-07-26,103.23,-0.03,2023-07-26 09:45:00,104.03,-0.04,2023-07-26 09:00:00,104.1,-0.04,2023-07-26 08:00:00,91
2023-07-27,100.96,-0.01,2023-07-27 16:15:00,101.85,-0.02,2023-07-27 15:00:00,102.5,-0.02,2023-07-27 14:45:00,91
2023-07-28,94.71,0.06,2023-07-28 18:00:00,96.18,0.04,2023-07-28 17:45:00,99.82,0.0,2023-07-28 16:45:00,91
2023-07-29,105.29,-0.05,2023-07-29 17:15:00,106.04,-0.06,2023-07-29 16:15:00,106.7,-0.06,2023-07-29 16:30:00,91
2023-07-30,107.21,-0.07,2023-07-30 12:00:00,108.16,-0.08,2023-07-30 11:00:00,108.45,-0.08,2023-07-30 10:00:00,91
2023-07-31,102.85,-0.03,2023-07-31 18:15:00,104.09,-0.04,2023-07-31 17:15:00,104.17,-0.04,2023-07-31 16:15:00,91
2023-08-01,36.2,1.77,2023-08-01 08:15:00,40.96,1.45,2023-08-01 07:15:00,62.42,0.61,2023-08-01 06:30:00,91
2023-08-02,103.27,-0.03,2023-08-02 07:00:00,104.15,-0.04,2023-08-02 07:15:00,104.33,-0.04,2023-08-02 07:00:00,91
2023-08-03,102.43,-0.02,2023-08-03 15:45:00,104.93,-0.05,2023-08-03 15:45:00,105.02,-0.05,2023-08-03 15:45:00,91
2023-08-04,106.88,-0.06,2023-08-04 17:15:00,107.55,-0.07,2023-08-04 10:30:00,108.19,-0.08,2023-08-04 09:30:00,91
2023-08-05,106.63,-0.06,2023-08-05 21:00:00,107.01,-0.07,2023-08-05 21:45:00,107.2,-0.07,2023-08-05 20:45:00,91
2023-08-06,106.75,-0.06,2023-08-06 17:00:00,108.33,-0.08,2023-08-06 17:15:00,109.59,-0.09,2023-08-06 12:45:00,91
2023-08-07,105.66,-0.05,2023-08-07 08:30:00,107.57,-0.07,2023-08-07 08:00:00,108.01,-0.07,2023-08-07 07:00:00,91
2023-08-08,100.0,0.0,2023-08-08 22:45:00,100.0,-0.0,2023-08-08 22:00:00,105.23,-0.05,2023-08-08 21:00:00,91
2023-08-09,100.0,0.0,2023-08-09 00:00:00,100.0,-0.0,2023-08-09 00:15:00,100.0,-0.0,2023-08-09 00:30:00,91
2023-08-10,106.17,-0.06,2023-08-10 08:45:00,107.57,-0.07,2023-08-10 08:00:00,107.69,-0.07,2023-08-10 08:45:00,91
2023-08-11,79.19,0.26,2023-08-11 09:45:00,93.9,0.07,2023-08-11 10:00:00,98.62,0.01,2023-08-11 07:45:00,91
2023-08-12,103.73,-0.04,2023-08-12 22:45:00,105.08,-0.05,2023-08-12 19:00:00,106.33,-0.06,2023-08-12 18:45:00,91
2023-08-13,107.59,-0.07,2023-08-13 11:30:00,108.83,-0.08,2023-08-13 11:45:00,108.93,-0.08,2023-08-13 11:30:00,91
2023-08-14,94.09,0.06,2023-08-14 10:15:00,102.06,-0.02,2023-08-14 10:15:00,104.49,-0.04,2023-08-14 10:00:00,91
2023-08-15,108.77,-0.08,2023-08-15 21:30:00,110.05,-0.09,2023-08-15 20:30:00,110.68,-0.1,2023-08-15 10:00:00,91
2023-08-16,107.47,-0.07,2023-08-16 13:45:00,108.43,-0.08,2023-08-16 09:45:00,108.57,-0.08,2023-08-16 13:30:00,91
2023-08-17,104.61,-0.04,2023-08-17 08:15:00,105.49,-0.05,2023-08-17 07:30:00,106.25,-0.06,2023-08-17 06:45:00,91
2023-08-18,106.08,-0.06,2023-08-18 06:45:00,107.19,-0.07,2023-08-18 15:15:00,107.87,-0.07,2023-08-18 08:15:00,91
2023-08-19,103.19,-0.03,2023-08-19 22:00:00,104.53,-0.04,2023-08-19 21:45:00,105.87,-0.06,2023-08-19 20:45:00,91
2023-08-20,104.07,-0.04,2023-08-20 21:30:00,104.19,-0.04,2023-08-20 20:30:00,105.72,-0.05,2023-08-20 20:30:00,91
2023-08-21,88.51,0.13,2023-08-21 10:15:00,98.18,0.02,2023-08-21 10:00:00,102.04,-0.02,2023-08-21 08:45:00,91
2023-08-22,106.08,-0.06,2023-08-22 22:15:00,107.7,-0.07,2023-08-22 22:00:00,107.8,-0.07,2023-08-22 11:15:00,91
2023-08-23,104.74,-0.05,2023-08-23 21:30:00,105.47,-0.05,2023-08-23 21:30:00,106.22,-0.06,2023-08-23 21:00:00,91
2023-08-24,104.36,-0.04,2023-08-24 12:15:00,104.93,-0.05,2023-08-24 12:45:00,105.48,-0.05,2023-08-24 12:00:00,91
2023-08-25,103.06,-0.03,2023-08-25 19:15:00,103.57,-0.03,2023-08-25 18:15:00,104.22,-0.04,2023-08-25 17:15:00,91
2023-08-26,102.89,-0.03,2023-08-26 22:30:00,103.69,-0.04,2023-08-26 22:00:00,104.7,-0.05,2023-08-26 20:45:00,91
2023-08-27,98.49,0.02,2023-08-27 20:45:00,102.47,-0.02,2023-08-27 19:45:00,102.6,-0.03,2023-08-27 18:45:00,91
2023-08-28,99.24,0.01,2023-08-28 17:30:00,102.81,-0.03,2023-08-28 17:00:00,103.66,-0.04,2023-08-28 10:30:00,91
2023-08-29,61.45,0.63,2023-08-29 18:45:00,79.97,0.25,2023-08-29 17:45:00,88.74,0.13,2023-08-29 16:45:00,91
2023-08-30,98.49,0.02,2023-08-30 15:30:00,101.24,-0.01,2023-08-30 14:30:00,101.8,-0.02,2023-08-30 15:30:00,91
2023-08-31,96.73,0.03,2023-08-31 14:00:00,98.39,0.02,2023-08-31 14:00:00,98.22,0.02,2023-08-31 13:45:00,91
2023-09-01,98.91,0.01,2023-09-01 19:15:00,100.78,-0.01,2023-09-01 19:30:00,102.17,-0.02,2023-09-01 19:15:00,91
2023-09-02,104.03,-0.04,2023-09-02 22:30:00,105.43,-0.05,2023-09-02 21:30:00,105.73,-0.05,2023-09-02 20:30:00,91
2023-09-03,104.61,-0.04,2023-09-03 00:00:00,107.13,-0.07,2023-09-03 14:30:00,107.8,-0.07,2023-09-03 13:30:00,91
2023-09-04,102.14,-0.02,2023-09-04 06:45:00,103.25,-0.03,2023-09-04 06:45:00,104.31,-0.04,2023-09-04 06:15:00,91
2023-09-05,51.68,0.94,2023-09-05 09:15:00,70.07,0.43,2023-09-05 08:30:00,82.98,0.21,2023-09-05 08:15:00,91
2023-09-06,102.47,-0.02,2023-09-06 07:00:00,104.34,-0.04,2023-09-06 07:00:00,104.64,-0.04,2023-09-06 07:00:00,91
2023-09-07,102.47,-0.02,2023-09-07 09:30:00,102.92,-0.03,2023-09-07 09:30:00,104.01,-0.04,2023-09-07 09:00:00,91
2023-09-08,101.89,-0.02,2023-09-08 06:45:00,103.82,-0.04,2023-09-08 06:30:00,105.17,-0.05,2023-09-08 19:30:00,91
2023-09-09,80.7,0.24,2023-09-09 23:00:00,91.65,0.09,2023-09-09 22:00:00,94.52,0.06,2023-09-09 21:00:00,91
2023-09-10,41.95,1.39,2023-09-10 00:00:00,75.76,0.32,2023-09-10 00:00:00,87.56,0.14,2023-09-10 00:00:00,91
2023-09-11,100.0,0.0,2023-09-11 22:45:00,101.45,-0.01,2023-09-11 22:00:00,104.03,-0.04,2023-09-11 21:00:00,91
2023-09-12,92.07,0.09,2023-09-12 11:30:00,93.31,0.07,2023-09-12 11:30:00,96.11,0.04,2023-09-12 11:30:00,91
2023-09-13,100.0,0.0,2023-09-13 00:15:00,100.0,-0.0,2023-09-13 00:30:00,100.0,-0.0,2023-09-13 00:45:00,91
2023-09-14,86.62,0.16,2023-09-14 16:15:00,94.9,0.05,2023-09-14 15:15:00,97.53,0.03,2023-09-14 14:15:00,91
2023-09-15,92.91,0.08,2023-09-15 19:45:00,98.22,0.02,2023-09-15 19:00:00,100.81,-0.01,2023-09-15 18:00:00,91
2023-09-16,100.63,-0.01,2023-09-16 20:45:00,101.7,-0.02,2023-09-16 19:15:00,101.75,-0.02,2023-09-16 19:00:00,91
2023-09-17,96.6,0.04,2023-09-17 21:30:00,100.13,-0.0,2023-09-17 20:30:00,99.08,0.01,2023-09-17 19:30:00,91
2023-09-18,100.08,-0.0,2023-09-18 17:00:00,101.8,-0.02,2023-09-18 16:15:00,102.89,-0.03,2023-09-18 06:45:00,91
2023-09-19,101.01,-0.01,2023-09-19 07:15:00,103.23,-0.03,2023-09-19 06:30:00,103.9,-0.04,2023-09-19 18:00:00,91
2023-09-20,102.01,-0.02,2023-09-20 06:45:00,104.22,-0.04,2023-09-20 07:00:00,104.82,-0.05,2023-09-20 06:45:00,91
2023-09-21,88.97,0.12,2023-09-21 08:30:00,93.2,0.07,2023-09-21 08:30:00,94.81,0.06,2023-09-21 08:30:00,91
2023-09-22,91.32,0.1,2023-09-22 10:00:00,94.23,0.06,2023-09-22 08:45:00,96.25,0.04,2023-09-22 08:30:00,91
2023-09-23,71.52,0.4,2023-09-23 15:15:00,86.95,0.15,2023-09-23 14:30:00,93.78,0.07,2023-09-23 13:45:00,91
2023-09-24,35.19,1.85,2023-09-24 19:15:00,56.8,0.77,2023-09-24 19:00:00,71.76,0.4,2023-09-24 18:45:00,91
2023-09-25,95.81,0.04,2023-09-25 21:15:00,102.43,-0.02,2023-09-25 21:15:00,104.99,-0.05,2023-09-25 20:00:00,91
2023-09-26,73.87,0.36,2023-09-26 16:45:00,89.07,0.12,2023-09-26 15:45:00,95.11,0.05,2023-09-26 14:45:00,91
2023-09-27,102.1,-0.02,2023-09-27 07:00:00,103.78,-0.04,2023-09-27 06:30:00,104.45,-0.04,2023-09-27 13:30:00,91
2023-09-28,93.75,0.07,2023-09-28 16:30:00,100.99,-0.01,2023-09-28 06:30:00,102.49,-0.02,2023-09-28 06:30:00,91
2023-09-29,100.08,-0.0,2023-09-29 07:00:00,102.1,-0.02,2023-09-29 06:30:00,103.91,-0.04,2023-09-29 06:30:00,91
2023-09-30,100.59,-0.01,2023-09-30 21:30:00,101.93,-0.02,2023-09-30 20:45:00,102.54,-0.02,2023-09-30 19:45:00,91
2023-10-01,98.07,0.02,2023-10-01 20:45:00,99.54,0.0,2023-10-01 19:15:00,100.73,-0.01,2023-10-01 19:00:00,91
2023-10-02,100.0,0.0,2023-10-02 07:15:00,100.0,-0.0,2023-10-02 22:00:00,101.73,-0.02,2023-10-02 06:15:00,91
2023-10-03,97.82,0.02,2023-10-03 07:00:00,99.87,0.0,2023-10-03 07:00:00,99.89,0.0,2023-10-03 07:00:00,91
2023-10-04,99.66,0.0,2023-10-04 07:15:00,100.0,-0.0,2023-10-04 00:15:00,100.0,-0.0,2023-10-04 00:30:00,91
2023-10-05,99.16,0.01,2023-10-05 07:15:00,101.72,-0.02,2023-10-05 06:30:00,103.91,-0.04,2023-10-05 06:45:00,91
2023-10-06,103.02,-0.03,2023-10-06 06:45:00,104.59,-0.04,2023-10-06 19:15:00,105.41,-0.05,2023-10-06 06:15:00,91
2023-10-07,100.46,-0.0,2023-10-07 20:00:00,101.05,-0.01,2023-10-07 19:30:00,102.52,-0.02,2023-10-07 19:00:00,91
2023-10-08,99.04,0.01,2023-10-08 19:15:00,99.87,0.0,2023-10-08 19:15:00,101.33,-0.01,2023-10-08 19:15:00,91
2023-10-09,102.52,-0.02,2023-10-09 07:00:00,103.4,-0.03,2023-10-09 07:00:00,103.79,-0.04,2023-10-09 06:30:00,91
2023-10-10,95.68,0.05,2023-10-10 07:30:00,99.9,0.0,2023-10-10 06:30:00,101.37,-0.01,2023-10-10 07:00:00,91
2023-10-11,102.22,-0.02,2023-10-11 07:15:00,103.59,-0.03,2023-10-11 07:15:00,104.04,-0.04,2023-10-11 07:15:00,91
2023-10-12,93.37,0.07,2023-10-12 08:30:00,95.66,0.05,2023-10-12 07:30:00,97.65,0.02,2023-10-12 06:30:00,91
2023-10-13,71.39,0.4,2023-10-13 12:00:00,87.25,0.15,2023-10-13 11:00:00,93.61,0.07,2023-10-13 10:30:00,91
2023-10-14,99.58,0.0,2023-10-14 16:00:00,100.8,-0.01,2023-10-14 19:00:00,101.75,-0.02,2023-10-14 18:30:00,91
2023-10-15,101.59,-0.02,2023-10-15 19:15:00,102.71,-0.03,2023-10-15 18:30:00,103.26,-0.03,2023-10-15 18:00:00,91
2023-10-16,53.86,0.86,2023-10-16 09:45:00,79.68,0.26,2023-10-16 08:45:00,87.21,0.15,2023-10-16 07:45:00,91
2023-10-17,97.82,0.02,2023-10-17 07:00:00,100.67,-0.01,2023-10-17 06:30:00,101.97,-0.02,2023-10-17 06:45:00,91
2023-10-18,99.2,0.01,2023-10-18 07:45:00,99.52,0.0,2023-10-18 15:45:00,100.52,-0.01,2023-10-18 15:45:00,91
2023-10-19,46.31,1.17,2023-10-19 07:00:00,71.2,0.41,2023-10-19 06:45:00,81.85,0.22,2023-10-19 06:30:00,91
2023-10-20,74.29,0.35,2023-10-20 14:15:00,89.18,0.12,2023-10-20 14:00:00,94.1,0.06,2023-10-20 12:30:00,91
2023-10-21,93.67,0.07,2023-10-21 17:00:00,96.73,0.03,2023-10-21 17:15:00,97.87,0.02,2023-10-21 16:45:00,91
2023-10-22,91.74,0.09,2023-10-22 18:45:00,97.44,0.03,2023-10-22 18:45:00,99.61,0.0,2023-10-22 18:45:00,91
2023-10-23,94.59,0.06,2023-10-23 21:30:00,97.38,0.03,2023-10-23 08:15:00,98.67,0.01,2023-10-23 07:30:00,91
2023-10-24,23.28,3.32,2023-10-24 07:45:00,31.65,2.17,2023-10-24 07:15:00,40.14,1.5,2023-10-24 07:00:00,91
2023-10-25,93.75,0.07,2023-10-25 08:00:00,94.63,0.06,2023-10-25 07:00:00,96.48,0.04,2023-10-25 06:15:00,91
2023-10-26,62.29,0.61,2023-10-26 08:15:00,75.27,0.33,2023-10-26 07:15:00,83.72,0.2,2023-10-26 06:45:00,91
2023-10-27,95.89,0.04,2023-10-27 07:30:00,99.31,0.01,2023-10-27 17:30:00,99.85,0.0,2023-10-27 17:15:00,91
2023-10-28,87.63,0.14,2023-10-28 18:00:00,94.06,0.06,2023-10-28 17:00:00,95.74,0.04,2023-10-28 17:30:00,91
2023-10-29,96.35,0.04,2023-10-29 17:45:00,97.5,0.03,2023-10-29 17:30:00,98.46,0.02,2023-10-29 17:15:00,91
2023-10-30,94.92,0.05,2023-10-30 17:45:00,96.1,0.04,2023-10-30 07:30:00,97.87,0.02,2023-10-30 07:15:00,91
2023-10-31,99.12,0.01,2023-10-31 19:00:00,99.98,0.0,2023-10-31 18:15:00,100.63,-0.01,2023-10-31 17:00:00,91
2023-11-01,100.63,-0.01,2023-11-01 18:15:00,101.53,-0.02,2023-11-01 17:15:00,102.36,-0.02,2023-11-01 17:00:00,91
2023-11-02,98.32,0.02,2023-11-02 07:15:00,99.94,0.0,2023-11-02 07:15:00,100.95,-0.01,2023-11-02 07:15:00,91
2023-11-03,95.55,0.05,2023-11-03 17:15:00,96.52,0.04,2023-11-03 17:15:00,97.54,0.03,2023-11-03 17:15:00,91
2023-11-04,94.17,0.06,2023-11-04 18:15:00,96.08,0.04,2023-11-04 17:15:00,97.43,0.03,2023-11-04 17:15:00,91
2023-11-05,94.0,0.06,2023-11-05 18:00:00,96.81,0.03,2023-11-05 17:30:00,98.06,0.02,2023-11-05 17:00:00,91
2023-11-06,97.48,0.03,2023-11-06 18:00:00,98.93,0.01,2023-11-06 17:30:00,99.38,0.01,2023-11-06 16:30:00,91
2023-11-07,94.59,0.06,2023-11-07 07:00:00,98.34,0.02,2023-11-07 07:00:00,99.93,0.0,2023-11-07 07:00:00,91
2023-11-08,94.0,0.06,2023-11-08 16:45:00,96.18,0.04,2023-11-08 16:45:00,97.47,0.03,2023-11-08 16:00:00,91
2023-11-09,96.85,0.03,2023-11-09 15:30:00,97.8,0.02,2023-11-09 15:30:00,99.66,0.0,2023-11-09 15:30:00,91
2023-11-10,95.6,0.05,2023-11-10 16:15:00,96.37,0.04,2023-11-10 16:15:00,96.46,0.04,2023-11-10 16:15:00,91
2023-11-11,98.07,0.02,2023-11-11 17:15:00,98.34,0.02,2023-11-11 17:15:00,98.52,0.02,2023-11-11 16:15:00,91
2023-11-12,98.03,0.02,2023-11-12 18:30:00,99.31,0.01,2023-11-12 17:15:00,99.31,0.01,2023-11-12 16:30:00,91
2023-11-13,83.85,0.19,2023-11-13 07:45:00,89.93,0.11,2023-11-13 07:30:00,93.62,0.07,2023-11-13 06:45:00,91
2023-11-14,77.1,0.3,2023-11-14 23:00:00,93.27,0.07,2023-11-14 22:00:00,98.28,0.02,2023-11-14 06:45:00,91
2023-11-15,84.65,0.18,2023-11-15 08:15:00,94.57,0.06,2023-11-15 08:15:00,97.97,0.02,2023-11-15 07:45:00,91
2023-11-16,57.13,0.76,2023-11-16 17:30:00,71.67,0.4,2023-11-16 16:30:00,80.48,0.24,2023-11-16 15:30:00,91
2023-11-17,31.71,2.17,2023-11-17 08:45:00,60.84,0.65,2023-11-17 08:00:00,74.33,0.35,2023-11-17 07:15:00,91
2023-11-18,91.15,0.1,2023-11-18 17:00:00,93.16,0.07,2023-11-18 17:00:00,94.06,0.06,2023-11-18 17:00:00,91
2023-11-19,94.38,0.06,2023-11-19 17:00:00,96.1,0.04,2023-11-19 17:00:00,97.76,0.02,2023-11-19 17:00:00,91
2023-11-20,94.17,0.06,2023-11-20 17:30:00,95.3,0.05,2023-11-20 16:30:00,96.2,0.04,2023-11-20 15:30:00,91
2023-11-21,92.83,0.08,2023-11-21 11:00:00,95.34,0.05,2023-11-21 06:45:00,96.84,0.03,2023-11-21 06:45:00,91
2023-11-22,97.11,0.03,2023-11-22 07:30:00,98.22,0.02,2023-11-22 07:15:00,99.11,0.01,2023-11-22 07:00:00,91
2023-11-23,98.49,0.02,2023-11-23 07:15:00,100.48,-0.0,2023-11-23 06:30:00,102.36,-0.02,2023-11-23 06:30:00,91
2023-11-24,95.76,0.04,2023-11-24 17:30:00,97.38,0.03,2023-11-24 17:00:00,98.17,0.02,2023-11-24 16:45:00,91
2023-11-25,95.85,0.04,2023-11-25 19:45:00,98.51,0.02,2023-11-25 18:45:00,99.79,0.0,2023-11-25 17:15:00,91
2023-11-26,96.81,0.03,2023-11-26 17:30:00,98.59,0.01,2023-11-26 17:30:00,98.92,0.01,2023-11-26 17:30:00,91
2023-11-27,90.18,0.11,2023-11-27 16:45:00,92.74,0.08,2023-11-27 16:15:00,94.44,0.06,2023-11-27 16:00:00,91
2023-11-28,95.34,0.05,2023-11-28 07:30:00,97.67,0.02,2023-11-28 18:00:00,98.14,0.02,2023-11-28 17:45:00,91
2023-11-29,98.32,0.02,2023-11-29 17:45:00,100.34,-0.0,2023-11-29 17:00:00,100.76,-0.01,2023-11-29 16:00:00,91
2023-11-30,94.21,0.06,2023-11-30 08:00:00,94.76,0.06,2023-11-30 07:30:00,97.12,0.03,2023-11-30 06:30:00,91
2023-12-01,96.31,0.04,2023-12-01 07:30:00,97.19,0.03,2023-12-01 16:15:00,97.71,0.02,2023-12-01 15:45:00,91
2023-12-02,92.53,0.08,2023-12-02 18:30:00,93.98,0.06,2023-12-02 17:30:00,95.71,0.05,2023-12-02 17:00:00,91
2023-12-03,92.83,0.08,2023-12-03 17:15:00,94.17,0.06,2023-12-03 17:15:00,96.21,0.04,2023-12-03 16:45:00,91
2023-12-04,89.51,0.12,2023-12-04 07:45:00,93.14,0.07,2023-12-04 07:15:00,95.23,0.05,2023-12-04 07:45:00,91
2023-12-05,87.88,0.14,2023-12-05 07:45:00,91.02,0.1,2023-12-05 07:00:00,93.16,0.07,2023-12-05 06:45:00,91
2023-12-06,93.71,0.07,2023-12-06 07:15:00,97.27,0.03,2023-12-06 16:30:00,97.58,0.02,2023-12-06 07:00:00,91
2023-12-07,91.02,0.1,2023-12-07 10:00:00,94.99,0.05,2023-12-07 09:00:00,95.19,0.05,2023-12-07 08:00:00,91
2023-12-08,63.17,0.59,2023-12-08 14:45:00,83.43,0.2,2023-12-08 14:45:00,88.37,0.13,2023-12-08 14:45:00,91
2023-12-09,86.87,0.15,2023-12-09 18:15:00,87.71,0.14,2023-12-09 18:30:00,88.91,0.13,2023-12-09 17:15:00,91
2023-12-10,91.32,0.1,2023-12-10 17:30:00,92.45,0.08,2023-12-10 17:15:00,94.69,0.06,2023-12-10 16:45:00,91
2023-12-11,81.84,0.22,2023-12-11 07:45:00,88.55,0.13,2023-12-11 07:30:00,91.81,0.09,2023-12-11 07:15:00,91
2023-12-12,86.33,0.16,2023-12-12 02:45:00,88.95,0.13,2023-12-12 01:30:00,92.63,0.08,2023-12-12 00:30:00,91
2023-12-13,92.74,0.08,2023-12-13 07:30:00,95.41,0.05,2023-12-13 07:00:00,97.44,0.03,2023-12-13 06:30:00,91
2023-12-14,89.26,0.12,2023-12-14 07:30:00,93.48,0.07,2023-12-14 06:45:00,95.76,0.04,2023-12-14 06:45:00,91
2023-12-15,95.13,0.05,2023-12-15 07:15:00,96.08,0.04,2023-12-15 07:00:00,98.85,0.01,2023-12-15 07:00:00,91
2023-12-16,62.21,0.61,2023-12-16 17:30:00,71.96,0.39,2023-12-16 17:30:00,79.26,0.26,2023-12-16 17:00:00,91
2023-12-17,90.31,0.11,2023-12-17 17:15:00,94.02,0.06,2023-12-17 16:45:00,96.77,0.03,2023-12-17 16:45:00,91
2023-12-18,26.01,2.86,2023-12-18 09:30:00,49.75,1.02,2023-12-18 08:45:00,63.73,0.57,2023-12-18 07:45:00,91
2023-12-19,93.12,0.07,2023-12-19 07:45:00,94.92,0.05,2023-12-19 07:30:00,97.19,0.03,2023-12-19 06:45:00,91
2023-12-20,94.51,0.06,2023-12-20 07:30:00,95.87,0.04,2023-12-20 18:30:00,96.15,0.04,2023-12-20 17:30:00,91
2023-12-21,91.99,0.09,2023-12-21 13:15:00,92.95,0.08,2023-12-21 12:45:00,95.36,0.05,2023-12-21 13:00:00,91
2023-12-22,96.98,0.03,2023-12-22 07:00:00,97.4,0.03,2023-12-22 07:15:00,98.56,0.01,2023-12-22 07:45:00,91
2023-12-23,96.43,0.04,2023-12-23 17:30:00,97.32,0.03,2023-12-23 17:15:00,97.57,0.03,2023-12-23 17:15:00,91
2023-12-24,91.07,0.1,2023-12-24 18:00:00,91.23,0.1,2023-12-24 17:30:00,94.17,0.06,2023-12-24 16:45:00,91
2023-12-25,39.3,1.55,2023-12-25 16:15:00,54.36,0.85,2023-12-25 16:00:00,69.13,0.45,2023-12-25 16:00:00,91
2023-12-26,99.08,0.01,2023-12-26 18:15:00,100.29,-0.0,2023-12-26 17:15:00,101.23,-0.01,2023-12-26 16:15:00,91
2023-12-27,96.52,0.04,2023-12-27 18:00:00,96.73,0.03,2023-12-27 17:00:00,98.59,0.01,2023-12-27 16:15:00,91
2023-12-28,96.31,0.04,2023-12-28 17:15:00,98.18,0.02,2023-12-28 17:00:00,98.99,0.01,2023-12-28 16:00:00,91
2023-12-29,95.93,0.04,2023-12-29 18:30:00,97.34,0.03,2023-12-29 17:30:00,98.92,0.01,2023-12-29 17:15:00,91
2023-12-30,96.22,0.04,2023-12-30 17:30:00,97.17,0.03,2023-12-30 16:45:00,98.5,0.02,2023-12-30 16:00:00,91
2023-12-31,93.16,0.07,2023-12-31 17:30:00,95.57,0.05,2023-12-31 17:00:00,97.57,0.03,2023-12-31 20:15:00,91
